{
  "project_info": {
    "project_number": "633337991606",
    "project_id": "timesync-8c39e",
    "storage_bucket": "timesync-8c39e.appspot.com"
  },
  "client": [
    {
      "client_info": {
        "mobilesdk_app_id": "1:633337991606:android:215d732e93f530d1453117",
        "android_client_info": {
          "package_name": "com.example.myapplication"
        }
      },
      "oauth_client": [],
      "api_key": [
        {
          "current_key": "AIzaSyAV-VEO-RWu8nw1S9PsYC8-ud68SL7vni0"
        }
      ],
      "services": {
        "appinvite_service": {
          "other_platform_oauth_client": []
        }
      }
    }
  ],
  "configuration_version": "1"
}